,id,title_description_clean,release_date,Contains
0,1lv71eC74hMNEsiztfLXJW,"Banning phones in schools and parliament, citizens' assemblies, and American isolationism Should mobiles be banned from schools and the House of Commons? What is Labour grand plan for citizens; assemblies really about? Is there growing Russian influence in Britain?",22/02/2024,House of Commons
1,1lv71eC74hMNEsiztfLXJW,"Banning phones in schools and parliament, citizens' assemblies, and American isolationism Should mobiles be banned from schools and the House of Commons? What is Labour grand plan for citizens; assemblies really about? Is there growing Russian influence in Britain?",22/02/2024,Labour Party
2,1lv71eC74hMNEsiztfLXJW,"Banning phones in schools and parliament, citizens' assemblies, and American isolationism Should mobiles be banned from schools and the House of Commons? What is Labour grand plan for citizens; assemblies really about? Is there growing Russian influence in Britain?",22/02/2024,Parliament
3,2flN429EZxfsXUW61IkRQU,The Killing of Alexei Navalny What happened at the Munich Security Conference? Will Putin ever be held accountable? How will Trump fund his legal problems and a presidential campaign?,21/02/2024,
4,60ESWEasCkuve26PMfE2Od,"Sunak by-election disaster, Reform UK gains momentum, and political crisis in Rochdale Will the rise of Reform UK be the downfall of the Conservatives? How consequential are Labour by-election victories? Who will win in Rochdale?",16/02/2024,Labour Party
5,4uF1Zj74heNiYubS1Pc6k9,"Vladimir Putin strategy, Labour selection headache, and VAT on private schools Will Azhar Ali still stand as a Labour candidate in the Rochdale by-election? How revealing was Tucker Carlson interview with Vladimir Putin? Why do politicians seem to see apologising as a sign of weakness?",15/02/2024,Labour Party
6,22eR0pczULbRNT12DKVbtm,Could the Democrats replace Joe Biden? What next for Imran Khan? Why are young people deserting British conservatism? What do Trump Nato threats mean for Europe? Could Pakistan military have the final say in the election? Why are young people turning against the Conservatives in Britain?,14/02/2024,NATO
7,6Y2HR1pyDilVqe5BkWHyTP,"How to cover Israel-Gaza, Labour £28bn green investment, and Taylor Swift vs Donald Trump Why is Labour rolling back its pledge on green investment? What does Biden sanction against Israeli settlers mean in reality? Who is our one listener in Tuvalu?",08/02/2024,Labour Party
8,2s0Z7YSBiPg9a9imyXOcq7,"King Charles, Sunak £1000 bet, and the future of North Korea How was a deal finally agreed to get power sharing back in Northern Ireland? Is Rishi Sunak focusing too much on his media appearances? Why has Kim Jong Un said unification with the South is no longer possible?",07/02/2024,
9,4rijWhlkC9l1yPtSSSe5KM,"An election in May, combatting homelessness, and investigating think tanks How are anonymous donors keeping Britain political parties afloat? Should the public know where think tanks get their funding from? How worried should we be about voter IDs? and Alastair as they answer all these questions and more on today episode of Question Time.&#xfeff;TRIP Plus:Become a member of The Rest Is Politics Plus to support the podcast, receive our exclusive newsletter, enjoy ad-free listening to both TRIP and Leading, benefit from discount book prices on titles mentioned on the pod, join our Discord chatroom, and receive early access to live show tickets and Question Time episodes.Just head to therestispolitics.com to sign up, or start a free trial today on Apple Podcasts: apple.co/therestispolitics.",01/02/2024,
10,22F9DeqDuciCOLANbIvBe3,"Israel in court, attacks on American soldiers, and the problem with polling What is the significance of the I.C.J. Ruling on Israel? How much control does Iran really have over its proxies? Should Labour brace itself for a sharp narrowing of the polls?",31/01/2024,Labour Party
11,4nRyqQEZi2x56yzl7YoVvh,"Standing up to Netanyahu, why Starmer would work with Trump, and the differences between Sunni and Shia Will the West come to terms with the idea that Netanyahu is not interested in a two state solution? Is ;populism; patronising? Would Starmer tread a fine line or stand up to Donald Trump?",25/01/2024,
12,2FpmsBfhA9JetHZ3Sp6fsh,Why Trump return wasn't inevitable How much do you know about the Russian propaganda forced on the population in occupied Ukraine? Where did it all go so wrong for Ron DeSantis? What on earth is going on in Germany with the far-right?,24/01/2024,
13,6LgnSBEE3G5MuSxGKo7ZAU,"Taiwan new president, Macron successor, and the difference between Tories and Conservatives How did Ecuador notorious gang leader escape from prison? What does Taiwan new anti-Beijing president mean for the country future? When is it right for MPs resign?",18/01/2024,
14,6hBT42RUzpP1lEeXE8LpAZ,"Is the Middle East sliding into a wider regional conflict? Should there have been a vote on the UK airstrikes in Yemen? How has the Post Office scandal moved from activism to politics, and could there be another Conservative leader before the election?",17/01/2024,Post Office
15,4MVjNjiCcKqsR5bd281SNJ,What happens when privatisation goes wrong? Is it possible to be politically active as a civil servant? How did private finance initiatives contribute to the Post Office scandal?  Is a transfer of power possible in Myanmar?,11/01/2024,Post Office
16,3kd184v53X8cwZYrHI6sD5,"History warning to Labour, the Post Office scandal, and Bangladesh battle for power How should the fallout of the Post Office scandal be handled? Why do the polls always swing towards the Tories as an election nears? What going on in Bangladesh?",10/01/2024,Labour Party
17,3kd184v53X8cwZYrHI6sD5,"History warning to Labour, the Post Office scandal, and Bangladesh battle for power How should the fallout of the Post Office scandal be handled? Why do the polls always swing towards the Tories as an election nears? What going on in Bangladesh?",10/01/2024,Post Office
18,1UfCH4pnozdyNtokFpdXZM,"Fighting British corruption, Japan economic conundrum, and a Premier League team in Belfast Should Labour create an anti-corruption department if it wins the next election? How great a threat does AI pose to elections in 2024? Is soft power as important as Britain thinks it is?",04/01/2024,Labour Party
19,50sXUGh0nus0OWzzH4gkAj,"How to fix the honours system, chaos in the Red Sea, and Taiwan at a crossroads What should we make of Liz Truss resignation honours? How does Iran use proxies to attack the US and Israel? Why was the election in the Democratic Republic of the Congo so expensive?",03/01/2024,
20,5aIIEJNUV66P6biJridgse,"How to combat populism, debating Bill Gates, and David Cameron on the world stage (Part 2) What stopped the Middle East from descending into regional conflict following the events of October 7th? Why did 2023 see so many coups across the Sahel? Is David Cameron now Rishi Sunak biggest asset?",28/12/2023,
21,1P4dOQhjFknGqKxdVgJwoM,"Scotland pivotal role, the moment everything changed, and whether to serve under Starmer (Part 1) Would Rory serve in a Keir Starmer Labour cabinet? How important is Scotland in the next election? What was the most under-appreciated political moment of 2023?",27/12/2023,Labour Party
22,475Iz9mDaoRBgBJUHoV2wb,How dangerous is Giorgia Meloni? Should Joe Biden choose a new running mate? Who is the real Giorgia Meloni? Which reality TV show would Rory and Alastair appear on? Learn more about your ad choices. Visit podcastchoices.com/adchoices,21/12/2023,
23,2bw3zEandCfhjIlfPJjIxA,"How Labour should fight the election, taking on the British press, and Orbán future far-right axis Who actually is Michelle Mone? Does Starmer need to be braver in how he respond to attacks from his opponents? How much power does Viktor Orbán have in the EU?",20/12/2023,Labour Party
24,2bw3zEandCfhjIlfPJjIxA,"How Labour should fight the election, taking on the British press, and Orbán future far-right axis Who actually is Michelle Mone? Does Starmer need to be braver in how he respond to attacks from his opponents? How much power does Viktor Orbán have in the EU?",20/12/2023,EU
25,30QeRthE3ZyKcFKA9a4CHI,Could the Tories remove Rishi Sunak? Could Nigel Farage be the next Conservative Party leader? What is happening in Myanmar? How do Rory and Alastair deal with public criticism?,14/12/2023,Conservative Party
26,6n7jc0FwVDTMiZhGzn0DkM,"The Israeli settler movement, Ukraine blockaded, and Putin perpetual power Is the West moving to a more critical place concerning the Israel-Gaza war? Can Sunak Rwanda policy be lawfully implemented? What is the relationship between Saudi Arabia and Russia?",13/12/2023,
27,2HIXE9uGobs7RPUotxh4gG,Why the infected blood scandal still haunts today politics How uncomfortable are the left with Starmer praise of Margaret Thatcher? Does Sunak stance on legal migration undermine British universities? What next for George Santos?,07/12/2023,
28,1TJa3nQNYse5o5EfhMcW7j,"King Charles on the world stage, Argentina Brexit, and the real Henry Kissinger How did King Charles perform at COP? Is Milei more Reagan than Trump? Who was the real Henry Kissinger?",06/12/2023,
29,52C613EZ1Hwc23xXvPohfU,Should Labour be bolder on Brexit? Why do politicians avoid discussing the benefits of migration? Do broadcasters allow the agenda do be shaped by the right wing press? What party would Charles Dickens vote for?,30/11/2023,Labour Party
30,01gBFP3UxASMFCADj5yIhy,Why are the far-right on the rise? Should Britain give the Elgin Marbles back to Greece? Will people be financially better off following Hunt Autumn statement? Why have populists like Javier Milei and Geert Wilders performed so well in recent elections?,29/11/2023,
31,6sLDVYlOvWQCgRXFrDJaks,Is Sunak Rwanda plan doomed to fail? Why was Sam Altman fired from OpenAI? Would a secret ballot have saved a soft Brexit? What options are left for Rishi Sunak after supreme court Rwanda ruling?,23/11/2023,
32,4fpwXYxoZnSKof7SVhKM9I,"Autumn statements, Putin progress, and why advertisers are pulling out of X How does inheritance tax work? How have voters reacted to the ceasefire vote? Are Putin prospects improving in the Russia-Ukraine war?",22/11/2023,
33,3aH2Y7bsFVhvr9HCbZhJ4I,What makes the Tory right so powerful? Why do the ERG and the right wing of the Tory party hold so much power over their leadership? Could a universal basic income work? How often do Rory and Alastair think about the Roman Empire?,16/11/2023,ERG
34,3aH2Y7bsFVhvr9HCbZhJ4I,What makes the Tory right so powerful? Why do the ERG and the right wing of the Tory party hold so much power over their leadership? Could a universal basic income work? How often do Rory and Alastair think about the Roman Empire?,16/11/2023,Conservative Party
35,4hB6JmsRg1hMsl9hkTu9G7,What David Cameron return means for Israel-Gaza What does David Cameron appointment as Foreign Secretary mean for the UK policy towards Israel and Palestine? What happened at the pro-Palestinian and against antisemitism marches? Has prime minister of Spain Pedro Sanchez behaved undemocratically?,15/11/2023,
36,4HsjBWpGMPymoJMAGRjS2b,Braverman sacked and Cameron returns The emergency pod button has been pushed as David Cameron returns to politics and Suella Braverman has been sacked.,13/11/2023,ERG
37,1hxq6krquKbyD8KZXI7xPz,Should WhatsApp messages stay private? What makes Parliament the most poisonous place to work? Should MPs listen to their SpAds? Was the Freedom of Information Act a mistake?,09/11/2023,Parliament
38,53BiNxHsVwGDmhNU884gCi,"The King Speech, performative cruelty, and Argentina How have voters responded to President Biden intervention in the Middle East? Was Sunak summit on AI a success? Who will be the next Argentinian president? and Alastair as they discuss all this and more on today episode of The Rest is Politics.",08/11/2023,
39,0R81INfnKUZZmf3gAjWLa9,What the Covid Inquiry says about Britain Does Britain relationship with the USA prevent independent decision making? What does conservatism mean to Jordan Peterson? How do you disagree agreeably about politics with your partner?,02/11/2023,
40,6s4HRWzeNJlkyyn6lnKdND,The Left and Israel Has Keir Starmer caused lasting damage to his leadership over his stance on Israel-Gaza? What will Biden be saying behind the scenes to other world leaders? Can the UK become a world leader in AI?,01/11/2023,
41,5TJYkltxiXwwOBmjNeEbvA,Nigel Farage plan to become Tory leader Will Nigel Farage prophecy of becoming the next Conservative leader come true? Should we accept the Taliban rule in Afghanistan? How much of a problem is the size of the British Armed Forces?,25/10/2023,Taliban
42,3mISe3e2xzblY6PMV18cs5,"Global perceptions of Israel-Gaza, Labour-Lib Dem bad blood, and Chinese economic crisis Would an Israeli ground invasion shift international perceptions of the conflict? Why is Labour unhappy with the Lib Dems? Is China teetering on the brink of economic chaos?",24/10/2023,Labour Party
43,3mISe3e2xzblY6PMV18cs5,"Global perceptions of Israel-Gaza, Labour-Lib Dem bad blood, and Chinese economic crisis Would an Israeli ground invasion shift international perceptions of the conflict? Why is Labour unhappy with the Lib Dems? Is China teetering on the brink of economic chaos?",24/10/2023,Liberal Democrat Party
44,1hbwiAVg18lB7iyEAcMI5c,Why Britain Needs Shorter Prison Sentences How do we solve the prisons crisis in the UK? Will Johnson and Sunak face charges for their lack of cooperation with the Covid inquiry? Should the Liberal Democrats run their campaign on rejoining the EU?,18/10/2023,EU
45,1hbwiAVg18lB7iyEAcMI5c,Why Britain Needs Shorter Prison Sentences How do we solve the prisons crisis in the UK? Will Johnson and Sunak face charges for their lack of cooperation with the Covid inquiry? Should the Liberal Democrats run their campaign on rejoining the EU?,18/10/2023,Liberal Democrat Party
46,3XRK1NaqbqtAj2X3jAdvas,Israel-Gaza: What Happens Next What is the next stage in the war between Israel and Hamas? How important is Joe Biden impending visit? Is it possible to be both victim and oppressor?,17/10/2023,Hamas
47,1uTkw7Yo2avk4XCle0UPwf,"Palestine, Gaza, and Israel What it like to live in Gaza? What are the key differences between the PLO, the PA, Fatah and Hamas? How far away are we from the diplomatic high point of the Oslo Accords?",17/10/2023,Hamas
48,0XE8ax8Xp3AnesAzPSbYbI,"Israel, invasion, and the trap laid by Hamas Does Hamas actually want Israel to invade Gaza? Is there a danger that this tragic situation will strengthen the hand of the ultra-nationalist Israeli right? How should the international community respond to the war between Israel and Hamas?",13/10/2023,Hamas
49,33XJQohDQ6rCGW96nRHWSu,Is Suella Braverman pretending to be right-wing? Would Keir Starmer embrace proportional representation? Is the Tory right just a group of political entrepreneurs using their hardline views to climb the greasy pole? Is a wealth tax the only way to address the problem of funding adult social care?  and Rory as they answer all these questions and more on this week Question Time.,11/10/2023,
50,1ArYtTuaBPnY27PD0ewoWd,Is Keir Starmer ready to be Prime Minister? Is Labour ready for government? What causing the SNP malaise? Did an AI deepfake video contribute to the outcome of the Slovakian election?,10/10/2023,Labour Party
51,1ArYtTuaBPnY27PD0ewoWd,Is Keir Starmer ready to be Prime Minister? Is Labour ready for government? What causing the SNP malaise? Did an AI deepfake video contribute to the outcome of the Slovakian election?,10/10/2023,SNP
52,6SjDCDdaB3TC1N7yPtEypo,Israel At War How did Hamas launch one of the largest invasions on Israeli territory in recent history? What happens now? Will this conflict have geo-political ramifications throughout the Middle East?,09/10/2023,Hamas
53,523Ar58aaQW3jhttexqCOn,"A new centrist party, mafia politics in New Jersey, and was Jesus a socialist? How corrupt is US politics? Will we see a new centrist party in the UK? How did Tony Blair overcome nerves at the dispatch box?  Stewart and Alastair Campbell as they answer all these questions and more on today episode of TRIP Question Time.",04/10/2023,
54,2xefxbF34SvsnmsueFIdQV,Can the Tory Party be saved? What actually happens behind the scenes at a Conservative or Labour Party Conference? What would it take to get the Conservative Party back to the centre-ground? What is going on between Kosovo and Serbia? and Alastair as they answer all these questions and more on today episode of The Rest Is Politics.,03/10/2023,Labour Party
55,2xefxbF34SvsnmsueFIdQV,Can the Tory Party be saved? What actually happens behind the scenes at a Conservative or Labour Party Conference? What would it take to get the Conservative Party back to the centre-ground? What is going on between Kosovo and Serbia? and Alastair as they answer all these questions and more on today episode of The Rest Is Politics.,03/10/2023,Conservative Party
56,0M8pbiBIGzXrpbTcYJisHg,"The Power of Rupert Murdoch What is Rupert Murdoch legacy in the world of media and politics? What did Rory discuss with First Minister of Scotland, Humza Yousaf? Why have there been protests within the Metropolitan Police force? Stewart and Alastair Campbell as they answer all these questions and more on today episode of TRIP Question Time.",27/09/2023,Metropolitan Police
57,2PpDzucE96TbYrNKTIRn4z,"Scrapping HS2, ‘Ukraine fatigue’, and 'Vive le Roi!' Is Angela Rayner more popular than Keir Starmer? What going on in Poland and why is one of Ukraine strongest allies seemingly waning in its support? Why do the French love King Charles?",26/09/2023,
58,1cykgvDa0hB5OewSuUzHk1,"Corbyn expulsion from Labour, Belgium sex education crisis, and how would Blair fare as PM today? Was Keir Starmer right to expel Jeremy Corbyn from the Labour party? Why is sex education causing protests in Belgium? How would Tony Blair Labour cope in 2023?",20/09/2023,Labour Party
59,1IiyRkmOfXZjjXs2AUbFVO,"Liz Truss returns, Putin Western puppets, and Rory at the United Nations What have we learnt on the first anniversary of Britain catastrophic experiment with Trussonomics? and Alastair as they discuss Libya, the United Nations General Assembly, Putin plan to get Europe hooked on Russian oil, and more on today episode of The Rest is Politics.",19/09/2023,United Nations
60,7xxcsjiTh4kjx3UhcjSXRh,"The return of Liz Truss, Slovakia answer to Viktor Orbán, and Starmer popularity waning? Has Slovakia got the new Orbán? How can Liz Truss save the west? Is Starmer popularity weaning?",13/09/2023,
61,5HTkBa8Gc1apm6wPo84QcN,"Prison escape, a test for Australian democracy, and spooks in Westminster? What was it like for Rory as a prisons minister when prisoners escaped? Are there Chinese spies working in Westminster? What happening with The Voice referendum in Australia? and Alastair as they answer all these questions and more on today episode of The Rest Is Politics.",12/09/2023,
62,5Zf67yFhMOPhR8DNpJIlth,"Imagining Labour first 100 days in power, Australia Indigenous Voice referendum, and compulsory politics in schools Do MPs talk enough about their mental health? What will be the outcome of Australia Indigenous Voice Referendum? Should politics be a compulsory part of primary education?",06/09/2023,Labour Party
63,4WnWdLyHVeQeiu5VvOydEy,"Crumbling Britain, a ruthless reshuffle, and Jeremy Corbyn ‘beautiful ears’ Who to blame for the UK crumbling infrastructure? Has Starmer shadow cabinet reshuffle strengthened his hand? Why is Rory such a fan of Jeremy Corbyn ears?",05/09/2023,
64,6FDw1P3LZiiDlSMLZHojre,"How to rig an election, Scotland golden goose, and the least impressive president of all time How did Mnangagwa win the Zimbabwe election? Who is the least impressive world leader Rory and Alastair have met? What makes a good political memoir?",30/08/2023,
65,4ZakYuwqnqRYHqAJWEpjYz,"Vladimir Putin, Narendra Modi, and absolute populist power What will happen to Wagner operations in Africa now that Yevgeny Prigozhin is dead? How dangerous is Modi rhetoric for India and the world? Who has had a bigger impact on the constituents of Mid Bedfordshire in the last few months - Nadine Dorries or Darren Bent?",29/08/2023,
66,1VfFB0FBqkRndzlBD2UsTG,"Populism in Portugal, texting David Cameron, and a challenger to Trump? Is Portugal the exception to the populist wave? Are reshuffle rumours ever to be trusted? How possible is a one-nation Tory revival?",23/08/2023,
67,22G2Nx3pNFm1w5KvFsedxL,"The Trial of Lucy Letby, the domination of the dollar, and politicians vs. lawyers Why are lawyers being targeted for taking on immigration cases? How significant is the BRICS ;New Development Bank;? Are left-of-centre western governments more anti-American?  and Alastair as they answer all these questions and more on today episode of The Rest Is Politics.",22/08/2023,
68,0JQksEPzVlCgj0UvjZc932,Privatisation vs. Nationalisation Are UFO sightings a purely English-speaking phenomenon? Should we give more or less praise to privatisation? What Dominic Cummings up to now?,16/08/2023,
69,0xCFcbeDulYBtxiKt6TfyA,"Small boats, Zimbabwe since Mugabe, and Trump anti-mafia indictment What is the best way to confront the crisis of small boats in the Channel? How has Zimbabwe changed since the rule of Robert Mugabe? Why are the Tories acting like they;re in opposition?",15/08/2023,
70,0d4bM3FScvqGUcJalm1X7E,"Rebuilding the Tory brand, Macron successor, and the militarisation of Mexico Is the Tory brand damaged beyond repair? Does Macron have a succession plan? What tempts governments to bring in the military?",09/08/2023,
71,6AqqE02EgFkDeC2UKO2HuF,White House or jail? The future of Donald J. Trump Will Donald Trump end up in prison or back in the White House? Why is the gap between politics and the legal arena becoming ever narrower? Is Net Zero at risk of becoming the new Brexit issue in British politics?,08/08/2023,
72,5tiuc4DdbgCjILSMwh5LtW,"Sweden Quran-burning crisis, Farage vs. the banks, and what is 'the establishment'? What would Rory do if he was Sweden Minister of Foreign Affairs? Are we paying Nigel Farage too much attention? Should MPs be allowed to rebel against their party? Listen to hear Rory and Alastair answer all these questions and more in this week Question Time.",03/08/2023,
73,2jx4JzB7TugsFkE9Sb9UEo,"Sunak net zero culture war, Africa 'coup belt', and a new strategy for the German far-right Why are Rishi Sunak and other politicians of the right looking to weaponise net zero? How should the international community respond to the rising number of coups across the Sahel? Can elections now been won through the sheer power of social media manipulation?",01/08/2023,
74,4MsC018Hrh6rtHFCRiR3K7,"Knocking over Liz Truss, Oxbridge dominance, and life under the Taliban Should MPs be able to vote electronically? Is Oxbridge as dominant as it used to be in British society? Are opinion polls just the junk food of political journalism?",27/07/2023,Taliban
75,1gXVtYnodHT8AVRdnidzMJ,"Labour on the defensive, Machismo in Spain, and Israel on a knife-edge What is the existential threat to democracy that unfolding in Israel? Why is Labour on the policy defensive after defeat in Uxbridge? Is Spain now the most polarised country in Europe?",26/07/2023,Labour Party
76,0dhi3spA17QkMRmyiALRUj,"Sunak slides to defeat in Selby and Somerton How happy should Labour be with Thursday by-election results? Can Sunak take some solace from holding on in Uxbridge? Will these constituencies be Labour, Tory, and Lib Dem holds at the next election?",21/07/2023,Labour Party
77,74gWdrwUCFmSLtY0D5j8nF,"Ben Wallace, intellectual PMs, and the fight for the Israeli flag Will Rory run for London Mayor next year? What will Ben Wallace political legacy look like? Why are left and right fighting over the Israeli flag?",20/07/2023,
78,61Mtu3PIilGmWvPFunbohQ,How radical would Labour be in power? Would Keir Starmer be radical or conservative as prime minister? Is enough being done to combat the current heatwave affecting much of the world? What should we make of Kemi Badenoch new trade deal?,19/07/2023,Labour Party
79,5Uq6FuzUxQZzpahvMIi8l2,"The Power of Prigozhin From a Siberian penal colony to the gold mines of the Central African Republic, who is Yevgeny Prigozhin and how did he become one of the most famous men in Russia today?",18/07/2023,
80,69b0nDG5HxqhvSFSmHToFY,"Feargal Sharkey on water pollution, drug legalisation, and fishing Is it too late to save our rivers? How should the government approach drug testing at festivals? Which political journalists were in attendance at George Osborne wedding?",13/07/2023,
81,50LD0sJYch6gHgvaKUrYVg,"Sunak path to victory, Trump stance on Ukraine, and the future of Palestine Is there any way that Sunak can win the next election? Would a second Trump presidency decisively change the course of the Ukraine conflict? What the future of Palestine in the face of Netanyahu far right government in Israel?",12/07/2023,
82,6b2DZPz98MfE0Rs5NDqKYB,"How to end a civil war, psychedelic treatments, and will the Orkney Islands join Norway? Why are the Orkney islands looking to explore options around joining Norway? Are psychedelics the future of mental health treatment? Does the path to a Labour majority include winning over National Trust members?",06/07/2023,Labour Party
83,6b2DZPz98MfE0Rs5NDqKYB,"How to end a civil war, psychedelic treatments, and will the Orkney Islands join Norway? Why are the Orkney islands looking to explore options around joining Norway? Are psychedelics the future of mental health treatment? Does the path to a Labour majority include winning over National Trust members?",06/07/2023,National Trust
84,2xZ9O0kfUuhszlOt4OaWNN,"France on fire, Thames Water troubles, and NHS privatisation What happening in France? How did Thames Water become saddled with debt? Are we on course for inevitable NHS privatisation?",05/07/2023,NHS
85,0jr4RzYGU4SemPC74EPMUH,"The next global superpower, a royal panic, and Rory on Austerity How did Rory get stuck in the royal panic room? Why do Labour politicians attend Murdoch parties? Which country will be the next global superpower?",29/06/2023,Labour Party
86,5dMGeWai8uH1L23pEoI226,"Putin vs. Prigozhin, the power of Lebedev, and the battle for Southeast Asia Is this the beginning of the end for Vladimir Putin? Did Boris Johnson overrule MI6 during his time as Prime Minister? Will Sunak be able to control inflation?",28/06/2023,
87,6GKibDgU3mvEdglD4jFQ3X,"Putin under threat as Wagner mutiny As Wagner Group mercenaries led by Yevgeny Prigozhin apparently rebel against the Russian Army, what impact could this have on the war with Ukraine and Vladimir Putin position as president? Emergency podcast recorded at lunchtime on Saturday 24th June.",24/06/2023,ERG
88,6GKibDgU3mvEdglD4jFQ3X,"Putin under threat as Wagner mutiny As Wagner Group mercenaries led by Yevgeny Prigozhin apparently rebel against the Russian Army, what impact could this have on the war with Ukraine and Vladimir Putin position as president? Emergency podcast recorded at lunchtime on Saturday 24th June.",24/06/2023,Wagner Group
89,1NT3Pn9zVkQwMlQYdq5zKf,"The War On Drugs, a Tory Green Party, and Long Covid Is class still the biggest dividing line in Britain? Why do we not hear enough about the impact of Long Covid? Would the Green Party ever shift to the right?",22/06/2023,
90,0uzzw7ZRfqfACUq61NebLp,"The world looks to Beijing, Putin vs. Africa, and Rory sliding Brexit doors What have we learnt from Brexit, 7 years on? Has Antony Blinken trip to Beijing eased tensions between China and the US? What is Africa role in the Ukraine-Russia conflict?",21/06/2023,
91,5nBLtBu28AWgHjowErIXCc,"Is this the end for Boris Johnson? In a damning report, Boris Johnson has been condemned for lying to parliament over parties held in Downing Street during the pandemic.",15/06/2023,Parliament
92,0MEdiG7cJHjtvSYWNpsWm8,"Labour greatest hope, what a Trump presidency would mean for Ukraine, and should we ban vaping? What would a Trump victory in 2024 mean for the war in Ukraine? Should the UK government take action on vaping? Is Labour pursuing the ;ming vase; strategy?",15/06/2023,Labour Party
93,7mGJAfN212soR55bZ6oyON,"Johnson and Sunak at war, Sturgeon arrest, and the death of Silvio Berlusconi Are we on the brink of Tory civil war? What is the legacy of Silvio Berlusconi? Why has China pivoted to Latin America?",14/06/2023,
94,2R1YbMGLK5sMYeKPmgz5I4,"BORIS JOHNSON RESIGNS In an emergency podcast, Rory and Alastair react to the news that Boris Johnson is standing down as a Conservative MP with immediate effect after an investigation into the Partygate scandal found he misled parliament and recommended a suspension from the House of Commons.",09/06/2023,House of Commons
95,2R1YbMGLK5sMYeKPmgz5I4,"BORIS JOHNSON RESIGNS In an emergency podcast, Rory and Alastair react to the news that Boris Johnson is standing down as a Conservative MP with immediate effect after an investigation into the Partygate scandal found he misled parliament and recommended a suspension from the House of Commons.",09/06/2023,ERG
96,2R1YbMGLK5sMYeKPmgz5I4,"BORIS JOHNSON RESIGNS In an emergency podcast, Rory and Alastair react to the news that Boris Johnson is standing down as a Conservative MP with immediate effect after an investigation into the Partygate scandal found he misled parliament and recommended a suspension from the House of Commons.",09/06/2023,Parliament
97,6PBG9nqAA30ptj0Lq3Dukw,"The Bullingdon Club, democracy vs. capitalism, and overcoming foot-and-mouth Should Rory and Alastair switch allegiance to the Liberal Democrats? Why is there no happy news? What was handling the foot and mouth disease crisis like? Listen to Rory and Alastair answer these questions, plus Rory explains how he was approached by the Bullingdon Club at Oxford, Alastair reveals his university party trick, and much more in this week Question Time.",08/06/2023,Liberal Democrat Party
98,4s8qAoGTA8ew2sG2D1GEUx,"Government taking itself to court, avoiding war with China, and Polish protests Should the government be taking itself to court over the covid inquiry? Rory and Alastair disagree (just about) agreeably on this one. Also, how is the USA attempt to create a bloc against China causing tension? And what do the latest protests in Kosovo and Poland mean? Listen this week to find out.",07/06/2023,
99,0rovXQ4c0BLzSsRqZQKs45,"Johnson vs. Stewart, protests in Serbia, and are think tanks actually influential? Did John Major lose in 1997, or did Tony Blair win? Would building on golf courses in London solve the housing crisis? How useful is the Freedom of Information Act? Hear the answers to these questions and more in this week Question Time, as Rory reveals what it was like going head to head with Boris Johnson and Alastair makes a rare correction from last week episode.",01/06/2023,
100,5h0yldaNrMS5Vqflgnn8Es,"Spanish politics explained and a deep dive into AI Artificial Intelligence: is it the future of humanity, or the beginning of the end? Rory and Alastair take a deep dive into the subject and the political complications of advancing technologies in the field. Plus, they have a look at the political parties operating in Spain, Alastair court appearance this week, and rising inflation in the UK.",31/05/2023,
101,6GSvXdryYaapZwSvOtMwpF,"Solving sewage, building on the Green Belt, and the most intimidating person in politics Should we start building on the Green Belt? Is there a fun side to politics? Why don;t ministers resign anymore without being pushed?",25/05/2023,
102,7ePgt7xDzyKkJ2NTkuhOz9,"Suella speeding, Japan in focus, and what the point of the G7? How was the G7 formed, and what is the point of it today? What will the consequences be for Suella Braverman following her speeding scandal? How does religion influence politics?",24/05/2023,
103,6vmwNrNYte86svwyYdk41O,"How to reform prisons, Macron vs. Clinton, and what is the Privy Council? Was Hillary Clinton arrogant in her comments about Emmanuel Macron? What the best way to reform UK prisons? How much do you know about sporrans?",18/05/2023,
104,53mJ49JKBasp29YwLT5uiI,"Erdoğan fights on, 'Clause IV on steroids', and the fall of military rule What next for Turkey? How does Starmer aim to reform Labour? Why should we be paying attention to events in Thailand?",17/05/2023,Labour Party
105,7wEVVZS7LiLDKhfrdz6OFH,"Bumping into Boris Johnson, the Hong Kong handover, and One-nation Tories vs. Blairites Do manifestos matter? What exactly is a free port? Is there a real difference between One-nation Conservatives and Blairites?",11/05/2023,
106,2TZjBOzSHefybbs8GFxYc3,"Sunak at a crossroads, weaponising 'woke', and the Wagner Group Have the local elections changed how Sunak will run Number 10? What going on with the Wagner Group and Vladimir Putin? How did the coronation attendees manage to go to the toilet during the long wait for King Charles?",10/05/2023,Wagner Group
107,5sImlJth6erSGVBOPKQmdW,Local Elections: Who the real winner? Was this a win for Starmer? Or should he be disappointed? What does this tell us about next year general election?,05/05/2023,
108,6Vz1MJZA6PmWdVXMjilyjX,"Communists in Austria, the collapse of First Republic, and the political power of Ben and Jerry What role do corporations play in political activism? Could the local elections results push forward a general election? Are communists having a resurgence in Europe? Rory and Alastair answer these questions, as well as discussing their favourite museums, chauvinism in sport, Vice President Kamala Harris, and ageism in politics.",04/05/2023,
109,3jcziBElj8aMzxPiIBpOdm,"King Charles III coronation, the geopolitics of net-zero, and the power of oracy This Saturday May 6th, the UK will celebrate the coronation of King Charles III. But what is the political impact of such an event? And what is the relevance of the monarchy today? Rory and Alastair will discuss this historic event, plus Richard Sharp exit from the BBC, the impending energy crisis in Europe, and the importance of teaching speaking skills.",03/05/2023,ERG
110,3jcziBElj8aMzxPiIBpOdm,"King Charles III coronation, the geopolitics of net-zero, and the power of oracy This Saturday May 6th, the UK will celebrate the coronation of King Charles III. But what is the political impact of such an event? And what is the relevance of the monarchy today? Rory and Alastair will discuss this historic event, plus Richard Sharp exit from the BBC, the impending energy crisis in Europe, and the importance of teaching speaking skills.",03/05/2023,BBC
111,31B6OtbL7d5zYxE6VqJXjm,"Murdoch mayhem, the politics of nepotism, and Alastair Campbell MP? Will Alastair ever stand as an MP? What going on with Rupert Murdoch at Fox News? How prevalent is nepotism in UK politics?",27/04/2023,
112,3ebhWLiKjh5gMjl2wlvpYK,"Politicians vs. civil servants, evacuating Sudan, and Diane Abbott What does Dominic Raab resignation tell us about the battle between civil servants and ministers? How did Rory lead an evacuation during his time in Iraq? What next for Diane Abbott?",26/04/2023,
113,3fz4ohUFL7cCXywhgtuAtu,DOMINIC RAAB RESIGNS Why has Dominic Raab resigned as Deputy Prime Minister and what does it mean for the future of the Conservative government?,21/04/2023,
114,0buX8jLD5iVxBf2SEbzZaI,"Leaking Liz Truss, the funniest person in politics, and ‘Killing Thatcher’ Is leaking a way to get ahead in politics? What did Paddy Ashdown do to Rory? Should Joe Biden run for President again? Listen as Alastair and Rory answer these questions and more…",20/04/2023,
115,5mHnZLQOQ4MZjrTBhfkwha,"Chaos in Sudan, Biden vs. Sunak, and the fall of Braverman? Is the Special Relationship between the UK and the US falling apart? How can the world come to Sudan aid? And is Suella Braverman finally on her last legs?",19/04/2023,
116,3RfMRXldJYUZqJJXyg8xct,"Macron and Xi Jinping, the rise of the right, and Tony Blair vs. UFOs Why is France trying to boost its ties with China? How do you define populism? Does Rory have any plans to present more history and travel documentaries? Rory and Alastair answer all these questions, as well as discussing Tony Blair thoughts on UFOs, the benefits of silent meditation retreats, and more...",13/04/2023,
117,0qbNUsZPX47afF6fez3BbZ,"Starmer most controversial move yet, the truth behind Vladimir Putin, and the Good Friday Agreement Has Keir Starmer lost Labour the moral high ground after his attack on Rishi Sunak? What is Vladimir Putin really like behind closed doors? Will peace and power-sharing return to Northern Ireland, 25 years after the Good Friday Agreement?",12/04/2023,Labour Party
118,0X6ZW2V6MEXRQ64QsKHVfG,"Democracy under threat, rampant sewage, and campaign songs Is the decline of local news destroying the fabric of our democracy? Should there be a cabinet position dealing with AI? Should private schools deal with Ofsted inspections too?  and Rory as they discuss these questions and more.",06/04/2023,
119,7EYHSWOnBzSL9zKHZzR5te,"Trump indictment, Dover delays, and Sanna Marin loses How will Donald Trump arraignment unfold? What is happening at the border between the United Kingdom and France? What was the significance of King Charles; visit to Germany? Rory and Alastair discuss these topics, plus we say goodbye to the world youngest Prime Minister, Sanna Marin of Finland, Russia assumes UN Security Council presidency, and Sunak launches new grooming gang taskforce.",05/04/2023,United Nations
120,222QXjsbaVQkyxoM4fNly6,"Corbyn and Cummings, Cool Britannia, and Ofsted What the story about Cummings and Corbyn on the podcast? Should GB News be considered a news channel? How did Britpop and Cool Britannia affect the 1997 election result? Tune in to today Question Time pod to hear all these answered and more.",30/03/2023,
121,7MD2do37jdiUWJxFNeXaxD,"France on fire, fake Korean cash, and a new Scottish nationalism Would Labour ever endorse Scottish independence? Why is France on fire? And how did Matt Hancock and Kwasi Kwarteng end up talking to a fake Korean consultancy firm?",29/03/2023,Labour Party
122,6XmXoM4T8tTYsVNelj2X8y,"Banks in crisis, Imran Khan, and Blair on The Simpsons Could Labour inherit a junior doctor problem? What can be done about the rising costs of childcare? And what do Rory and Alastair really see in each other? Rory and Alastair answer all these questions and more in this week Question Time.",23/03/2023,Labour Party
123,1uX19xA9pAktYhKWZk6GAg,"Iraq: the fallout, Scotland at a crossroads, and ‘sneaky beakies’ In a week where we;ve had bank bailouts and a meeting where Vladimir Putin and Xi Jinping hinted at a dangerous anti-western alliance, is there much to feel positive about?  and Alastair as they cover these topics, as well as Benjamin Netanyahu attempted overhaul of the judicial system in Israel and Rory recent visit to Turkey.",22/03/2023,
124,1UZcS0avdiIrhxLFFhbsPq,Iraq: The Legacy It 20 years since the invasion of Iraq - but what is its legacy?,16/03/2023,
125,4e8nDXZO3cERgr0RZLprNy,"The Iraq War 20 years on from the invasion of Iraq, Rory speaks to Alastair about the build up, aftermath, and legacy of the event.",15/03/2023,
126,0tubl2hSgaf27NU3KfH7WG,"Gary Lineker, BBC in crisis, and small boats After an extraordinary and bizarre week where a tweet from Gary Lineker led to a crisis at the national broadcaster, Rory and Alastair try to make sense of the BBC handling of the situation, question its governance structure, and explain why the government refugee policy is flawed. Editor note: Gary Lineker is the co-owner of Goalhanger Podcasts. Learn more about your ad choices. Visit podcastchoices.com/adchoices",11/03/2023,BBC
127,7vO4wn4a4ojbNtJ340fqET,"Powerful speeches, population control and Isabel Oakeshott What is the best speech Rory and Alastair have ever heard? Why is the cabinet so big? Would you rather trust Isabel Oakeshott or Xi Jinping with your phone? Rory and Alastair answer all these questions and more in this week Question Time.",09/03/2023,
128,0KwkuT4AZfABcKEvlZEkwv,"Hancock humiliation and the end for Johnson More than 100,000 WhatsApp messages have been leaked to the Daily Telegraph revealing private conversations between senior politicians and government officials during the height of the pandemic. But what do they tell us about the people leading our country, and how will Hancock recover from this? Rory and Alastair discuss this scandal, plus reflect on the news of Kier Starmer new Chief of Staff appointment, the legacy of Live Aid in raising awareness of world poverty, and the new documentary about Shamima Begum and her battle for citizenship.",08/03/2023,
129,2xWlFke4c6eCiSMD8XgfiS,"Bernie Sanders vs. Michael Foot, Universal Basic Income, and Boris Johnson NATO ambitions... Is there any point in writing to your MP? What are the benefits of UBI? Why do we say ;Mrs; Thatcher, but not ;Mr; Suank?",02/03/2023,NATO
130,3bVuNK5o00dXawkC6fNzao,"Sunak Windsor win, Labour path to victory, and Beijing view of Moscow Has Rishi Sunak pulled off the biggest victory of his premiership? How does China view the Russian invasion of Ukraine? And what does Alastair make of Keir Starmer big policy ;missions;?",01/03/2023,Labour Party
131,1t7tcxAK8V5ZvVGz3Del72,"Foreign ownership in football, the BBC vs. Modi, and conspiracy theories What should we make of the Qatari bid to buy Manchester United? Why is Modi government raiding the BBC offices in India? And why did Rory appearance at the Bilderberg Meeting lead to claims he was part of a global lizard conspiracy?",23/02/2023,ERG
132,1t7tcxAK8V5ZvVGz3Del72,"Foreign ownership in football, the BBC vs. Modi, and conspiracy theories What should we make of the Qatari bid to buy Manchester United? Why is Modi government raiding the BBC offices in India? And why did Rory appearance at the Bilderberg Meeting lead to claims he was part of a global lizard conspiracy?",23/02/2023,BBC
133,6RDOD3XC6lmNcioc5GIePY,"Ukraine: one year on, the fall of Nicola Sturgeon, and Sunak biggest gamble Who will be Nicola Sturgeon successor as First Minister of Scotland? What does the future hold for Russia relationship with the West? Is Boris Johnson staging a comeback? Alastair and Rory look at these topics, plus the role of biodiversity in ecological policy, the Northern Ireland protocol, China role in bringing peace to Ukraine, and how relevant a politician religious views are to their campaign.",22/02/2023,
134,2VkQZFSMdLYfJpQIzbGe6u,"Expensing helicopters, the North-South divide, and Rory return to politics? Will Rory ever return to politics? How do MPs serve effectively from remote areas? Should Russia be allowed to compete in the Paris Olympics? Alastair and Rory cover these topics, plus the role of Cabinet Secretaries, Biden State of the Union Address, and what it means to be a ;recovering politician;.",16/02/2023,
135,0KtrMoVekQkgzzqGkjUyow,"The Secret Brexit Summit, Erdoğan under fire, and the death penalty Why are ardent remainers and high profile eurosceptics meeting in secret to discuss our relationship with Europe? How has the earthquake in Turkey affected President Erdoğan politically? And why do MPs and members of the public have contrasting views on the death penalty?",15/02/2023,
136,1Hbjyay0fouLbuDRrqLnVR,"Palestine in 2023, Chat GPT, and what do diplomats actually do? What is the actual role of a diplomat? Would Brexit have had a different result if Labour was under Ed Miliband leadership? How will artificial intelligence change our society? Rory and Alastair answer these questions and more in this week Question Time episode.",09/02/2023,Labour Party
137,0PM4sZYzzK53Gk5PxdkFRR,"The Revenge of Liz Truss, Earthquakes in Syria and Turkey, and China 'Red Zeppelin' Are Johnson and Truss on manoeuvres against Sunak? Has the Chinese spy balloon pushed US relations with Beijing to a dangerous place? And what Rory been arguing about with Sandi Toksvig?",08/02/2023,
138,5hnwOvXL7c2dNBeRKfxVqT,"Missing refugees, the best type of MPs, and are universities left wing? Are academics generally left-leaning? Should the theatrical nature of PMQs be reformed? What makes an MP ;talented;? Listen to hear these questions answered, plus positive stories about politicians, cultural recommendations, what makes an MP ;talented;, and the relevance of vocational education.",02/02/2023,
139,5Q1OmxVR1w5GqXVwwLtfT9,"100 days of Sunak, the art of resigning, and Israel-Palestine After 100 days as PM, is Rishi Sunak power already waning? What happens behind the scenes of a high-profile resignation? Has the US pivoted away from its central involvement in the Israel-Palestine conflict?",01/02/2023,
140,1vUnLQ0l9j3pbs1radp9pg,"Leaving office, a Labour Scotland, and what the point of Davos? What do Rory, Mark Zuckerberg and Saif Gaddafi all have in common? Will we see a Labour revival in Scotland? Why haven;t the CPS followed up over lockdown parties in Downing Street?",26/01/2023,Labour Party
141,1vUnLQ0l9j3pbs1radp9pg,"Leaving office, a Labour Scotland, and what the point of Davos? What do Rory, Mark Zuckerberg and Saif Gaddafi all have in common? Will we see a Labour revival in Scotland? Why haven;t the CPS followed up over lockdown parties in Downing Street?",26/01/2023,ERG
142,26T4QlVt6XXPIep9lnbZPj,"Johnson £800k loan, Zahawi tax trouble, and Russia in Africa Who gave Boris Johnson an £800k loan when he was PM? Is Nadhim Zahawi political career over? Why is Russia on a charm offensive in Africa?",25/01/2023,
143,5N2QORFyPSwZpScBYqjnSE,"Combatting Andrew Tate, crisis at the Met, and Johnson standing again Could Boris Johnson lose the Tory whip? Why are we paying so much for gas if wholesale prices are back to normal? Why did Joe Biden remove classified documents from the White House? Rory and Alastair answer these questions, along with systemic problems within the Metropolitan Police, misogyny in schools, the future of Labour, and Suella Braverman latest controversy.",19/01/2023,Labour Party
144,5N2QORFyPSwZpScBYqjnSE,"Combatting Andrew Tate, crisis at the Met, and Johnson standing again Could Boris Johnson lose the Tory whip? Why are we paying so much for gas if wholesale prices are back to normal? Why did Joe Biden remove classified documents from the White House? Rory and Alastair answer these questions, along with systemic problems within the Metropolitan Police, misogyny in schools, the future of Labour, and Suella Braverman latest controversy.",19/01/2023,Metropolitan Police
145,6p5UXnEBrcearzey8H2ON6,"Police power, gender recognition, and women in Afghanistan  and Alastair as they discuss anti-strike legislation, the right to protest, the battle between the Scottish and UK government over gender recognition reform, the plight of women in Afghanistan, and more.",18/01/2023,
146,56gf9zDbcnmQsRh9bqRN24,"Rishi Sunak doctor, Rory Brad Pitt deal, and Iranian regime change? **RORY AND ALASTAIR;S NEW PODCAST... The Rest Is Politics: Leading**Rory and Alastair are launching a new podcast - ;Leading;!",12/01/2023,
147,1aNa956GBhcoE5z2roz7JJ,"Prince Harry, Brazil failed coup, and Myanmar criminal junta  and Alastair as they record in person from Soho, discussing the fallout from Prince Harry new book, the failed coup against Lula in Brazil, how the NHS could look to the Netherlands for reform, ghost writers, the Czech Republic, Myanmar, and much, much more.",11/01/2023,NHS
148,79ETWlul3c9IAC3AEzRYdi,"Zelensky message, Netanyahu return, and Putin 'mystery woman'  and Alastair this week as they discuss what Alastair has described as ‘one of the best pieces of communication he has ever seen’, the definition of populism, and their controversial predictions for the year ahead.",05/01/2023,
149,5PEXFXVWEfb0q2cYWl1FYF,"NHS in crisis, the Blair-Brown years, and Mandela on Gaddafi In our first podcast of 2023, Rory and Alastair discuss the NHS in crisis and how government investment needs to be coupled with structural reform. There also a look back at Alastair diaries during the transfer of power from Tony Blair to Gordon Brown, and an analysis of newly-released documents from the National Archives.",04/01/2023,NHS
150,21voR7QN1hRkLKubm0qNUf,Where will we be in 2023?  and Rory for a bonus episode as they discuss their political predictions for 2023!,29/12/2022,
151,7KL2gI6dPPa2dwlNHLqTvX,"TRIP Awards 2022 (with a special guest...) Rory and Alastair are here to discuss the highs and lows of a wild year in politics... Who was their most outstanding politician? What was the most surprising moment of the year? Who was the biggest villain of 2022? Listen to hear Rory and Alastair answer these questions and many more, with the help of a surprise guest who provides some guidance in this special political awards show.",28/12/2022,
152,7v8lOdDWI0xmkHDFfS1RlS,"Drugs in Parliament, the meaning of evil, and Jeremy Clarkson  and Alastair in this week episode of Question Time, as they discuss the prevalence of drugs in Parliament, Norway sovereign wealth fund, Macron relationship with the Pope, Alastair swimming tips, and much more.",22/12/2022,Parliament
153,2MIXVoHtLKbtoSfwuCmW5v,"Politics in football, Trump under pressure, and Kosovo  and Alastair as they discuss the end of the World Cup and the soft power that comes with it, rising tensions between Kosovo and Serbia, Rory experiences as Prisons Minister, and the challenge the government faces regarding prison reform.",21/12/2022,
154,626oD23wFteon9IGLvrDjN,"Harry and Meghan, the National Anthem, and Latin America In today Question Time podcast, Rory and Alastair review the new Harry and Meghan documentary, discuss how we can improve our National Anthem, and analyse the political chaos in Latin America.",15/12/2022,
155,5L5kf1bJ4vvUTeAqQjvvm8,"Britain on strike, hostage swaps, and assisted suicide  and Alastair as they discuss the strikes taking place across Britain, the debate on assisted suicide, and how prisoner swaps come about.",14/12/2022,
156,5qMYnB239W0DOANipSGx2q,"Votes for prisoners, a united Ireland, and the meaning of 'liberal'  and Rory this week as they discuss whether prisoners should be able to vote, the chances of a united Ireland, and what liberalism actually means.",08/12/2022,
157,6ROkTKqswtHun6zTtamLfR,"Keir vs. peers, George W. Bush, and $580k in a sofa...  and Rory as they discuss Gordon Brown and Keir Starmer latest proposals, the post-presidential life of George W. Bush, why so many MPs are standing down at the next election, and the mysterious story about South African President Cyril Ramaphosa sofa...",07/12/2022,
158,7KrHmAct32WGl85k1r88Sf,"Ex-New Zealand PM Helen Clark on monarchy, extreme poverty, and Jacinda Ardern Alastair and Rory are joined by former New Zealand Prime Minister Helen Clark to discuss democracy, the rise of populism, the Monarchy, the importance of arts and culture, the United Nations development programmes and much, much more.",02/12/2022,United Nations
159,1bLZonghbwGiyyBbqx4R6g,"How to become an MP, the art of whipping, and NIMBYs  and Alastair for the latest episode of Question Time, where they discuss Labour Brexit position, NIMBYs, the housing crisis, how to become an MP, whips, the favourites for the World Cup, and more.",01/12/2022,Labour Party
160,0mE9gdm1BuuoNvGzC91FuT,"Protests in China, UK strikes, and crypto bros Today, join Alastair and Rory as they investigate the current protests in China and their causes, dissect the recent election in Malaysia, discuss the recent Supreme Court ruling on Scottish independence and much, much more.",30/11/2022,
161,2IAP7bVn6A3mbr91TcJHp6,"Nigel Farage, proportional representation, and mandatory ID cards Who would Rory elect as the next Prime Minister? If Rishi Sunak had not kept Jeremy Hunt on, what would the budget look like? And how come both Rory and Alastair have lost followers on twitter? Listen to this week Question Time to hear Rory and Alastair answer these questions and many more.",24/11/2022,Twitter
162,486P4dT1eTALXlsEiK7zHe,"Qatar, the World Cup, and Sunak vs. Starmer  and Rory as they discuss the FIFA World Cup in Qatar, what meant by a ;Swiss-style; Brexit, ;flying kites;, Twitter, Trump, COP, and more.",23/11/2022,Twitter
163,6hmD2cu7cTGUEnBF54i7wS,"Food banks, ageing populations, and 'virtue signalling' Can cabinet ministers be charged for economic mismanagement? How will low birth rate affect the economy? Do Rory and Alastair really travel for weeks at a time with just hand luggage? Join us for this week Question Time episode where Rory and Alastair answer all these questions and more.",17/11/2022,
164,3fybUtS7zqWJY3S9xdBKir,"Trump vs. DeSantis, Sunak on the world stage, and Iran  and Alastair as they discuss the midterm results from the US, Rupert Murdoch apparent pivot from Donald Trump to Ron DeSantis, Joe Biden and Xi Jinping meeting, Rishi Sunak performance on the world stage, Thursday Autumn Statement, problems with the NHS, the situation in Iran, David Nott, and much, much more.",16/11/2022,NHS
165,7uycl1Qmrh0ri1bZr0xebz,"Women in politics, AI advancements, and airports  and Alastair for this week Question Time episode where they discuss everything from the growth of artificial intelligence in professional life to their airport travel tips. Plus culture and arts in Britain, women in politics and Rory and Alastair favourite novels.",10/11/2022,
166,6F9YqSrG7W88eY3SstjYE9,"COP, Gavin Williamson, and US midterms  and Rory as they discuss Gavin Williamson, COP, Johnson resignation honours list, Scholz in China, the latest from the war in Ukraine, and much, much more.",09/11/2022,
167,7hiZNQ2snzuIW6GxaZn3W9,"Julia Gillard on Rishi Sunak, compulsory voting and that misogyny speech Alastair is joined today by former Australian Prime Minister Julia Gillard to discuss the view of British politics from Australia, the role of the monarchy, Australian government, compulsory voting and her famous Misogyny Speech.",04/11/2022,
168,6NUKgUeJUL8lWmelDf1DNi,"Elon Musk, Twitter, and regulating 'Big Tech'  and Rory for the latest episode of Question Time where they discuss Elon Musk, Twitter, nation states vs. big tech, Amazon, John Reith, and much, much more. Plus Rory has asked his friend to calculate the number of ;bot followers; Alastair has!",03/11/2022,Twitter
169,6D11Mzfpj1GCZNyYDeuDUq,"Braverman, Brazil, and Hancock in the jungle Rory and Alastair discuss Suella Braverman return to the front bench, the significance of security breaches in ministerial positions, and why Tony Blair never had a phone during his time as Prime Minister... Plus debates about the response to asylum seekers in the UK, Lula success in Brazil election, Rory insider knowledge of Rishi Sunak new cabinet, and Matt Hancock agreeing to participate in I;m a Celebrity Get Me Out of Here.",02/11/2022,
170,5weuU2YZ9CQiCJLuirmEdj,"François Hollande on Putin, Obama, and Brexit In a special guest episode, we speak to former French president François Hollande from his office in Paris. Tune in to hear his views on Putin, Xi Jinping, Merkel, Macron, the far right, the importance of political parties and much, much more.",27/10/2022,
171,498Q2Xa0a6lx0tkaIhqyxT,"Battle for the National Trust, getting over Brexit and boycotting Qatar What would it take for the UK to have a general election? Would Rory ever rejoin the Conservative Party? How does confirmation bias affect politics? Alastair and Rory answer these questions, plus discuss their insecurities, the legitimacy of Britain Crown Jewels, protesting the Iraq War, the impact of Brexit on public services and much more.",26/10/2022,Conservative Party
172,498Q2Xa0a6lx0tkaIhqyxT,"Battle for the National Trust, getting over Brexit and boycotting Qatar What would it take for the UK to have a general election? Would Rory ever rejoin the Conservative Party? How does confirmation bias affect politics? Alastair and Rory answer these questions, plus discuss their insecurities, the legitimacy of Britain Crown Jewels, protesting the Iraq War, the impact of Brexit on public services and much more.",26/10/2022,National Trust
173,0yKhhB4wW2lxsH6C5F3yYw,PRIME MINISTER RISHI SUNAK Rishi Sunak is the new Prime Minister.,24/10/2022,
174,4SxxPjxGr8jy6MftXUGsiF,LIZ TRUSS RESIGNS In this emergency podcast Rory Stewart and Alastair Campbell react to the news that Liz Truss has resigned as Prime Minister after barely six weeks in office. Who will replace her as leader of the Conservatives and what chance do they have of uniting their party behind them?,20/10/2022,ERG
175,1lffDd4gLEow4CPgsz97aO,"Imposter Syndrome, the Commonwealth and fox hunting How does public backlash affect politicians; mental health? Do Labour and the Liberal Democrats have an unwritten agreement to win seats? Should we support political parties the same way we do football clubs? Alastair and Rory answer these questions and discuss the fate of the Commonwealth, US/China relations, Thérèse Coffey comments on antibiotics and more in this week Question Time.",20/10/2022,Labour Party
176,1lffDd4gLEow4CPgsz97aO,"Imposter Syndrome, the Commonwealth and fox hunting How does public backlash affect politicians; mental health? Do Labour and the Liberal Democrats have an unwritten agreement to win seats? Should we support political parties the same way we do football clubs? Alastair and Rory answer these questions and discuss the fate of the Commonwealth, US/China relations, Thérèse Coffey comments on antibiotics and more in this week Question Time.",20/10/2022,Liberal Democrat Party
177,1xhxhsdQUeDeOOzIPfcVAN,"Hunt U-turn as Truss goes missing As a divided Conservative Party tries desperately to work out how to replace Liz Truss, Rory and Alastair discuss the likely moves over the coming days and weeks in Westminster. Will the Conservatives find a way to avoid another membership vote to determine the next PM? Plus Biden, Japan, and debt forgiveness.",18/10/2022,Conservative Party
178,5sPSd5IKoDL8x6OnOhvq2i,"TRUSS DOWN, KWARTENG OUT  and Rory for an emergency bonus podcast after the news that Kwasi Kwarteng has been sacked as Chancellor. Facing the lowest ever approval ratings for a British PM, is it over already for the Truss premiership?",14/10/2022,ERG
179,2xkgwtnSTxFOxCBImwK6Iy,"Liberal Democrats, Lordships and Labour return Who would Rory vote for in a General Election today? Did Alastair vote for Jeremy Corbyn? Where do MPs work after they;ve left Parliament? Rory and Alastair answer these questions, plus a discussion of Suella Braverman take on cannabis, reform in the House of Lords, the relevance of the Liberal Democrats, Poland right wing government, and much, much more in this week Question Time.",13/10/2022,Labour Party
180,2xkgwtnSTxFOxCBImwK6Iy,"Liberal Democrats, Lordships and Labour return Who would Rory vote for in a General Election today? Did Alastair vote for Jeremy Corbyn? Where do MPs work after they;ve left Parliament? Rory and Alastair answer these questions, plus a discussion of Suella Braverman take on cannabis, reform in the House of Lords, the relevance of the Liberal Democrats, Poland right wing government, and much, much more in this week Question Time.",13/10/2022,Parliament
181,2xkgwtnSTxFOxCBImwK6Iy,"Liberal Democrats, Lordships and Labour return Who would Rory vote for in a General Election today? Did Alastair vote for Jeremy Corbyn? Where do MPs work after they;ve left Parliament? Rory and Alastair answer these questions, plus a discussion of Suella Braverman take on cannabis, reform in the House of Lords, the relevance of the Liberal Democrats, Poland right wing government, and much, much more in this week Question Time.",13/10/2022,Liberal Democrat Party
182,0biCkypr080XzqmzFzQ9NV,"""Detested"" Tories, the SNP, and Israel Why is Liz Truss thinking of moving the UK embassy to Jerusalem? Does the word ;detest; belong in politics? How long will the Conservatives remain united? Rory and Alastair discuss these topics, plus the situation in Libya, the escalation of conflict in Ukraine, the role of empathy in decision-making, and Alastair living rent free in Nadhim Zahawi head...",12/10/2022,SNP
183,2uHKLfQwFVw3N06QkyrbQ9,Fear and Loathing in Birmingham Are we on the brink of Tory civil war? Has Truss painted herself into a corner with her conference speech? What on earth is an ;anti-growth coalition;?,07/10/2022,
184,35C2kAgkRBOk5f04F4BJA9,"Biden, barristers and the Black Watch How do Alastair and Rory maintain a work/life balance? How dangerous are AI deepfakes for politics? Does Rory regret not pursuing a military career? Rory and Alastair answer these questions and many more in this week Question Time episode. Plus they discuss Biden popularity, the protests in Iran, barrister strikes and the relevance of think tanks.",06/10/2022,
185,0pTvzS5LismDJR4Zb28cqh,"U-turns, Ukraine and election season Will Truss and Kwarteng survive a week of U-turns? Have worldwide elections followed the populist trends set by Sweden and Italy? Plus news on the conflicts in Ukraine and Yemen, Rory admiration for David Miliband, and a critique of Singapore-on-Thames.",05/10/2022,
186,0qIMNZJBAhWmGnfA8X9bkW,"The Week Everything Changed In a special bonus episode Rory and Alastair discuss whether the writing is already on the wall for Liz Truss and Kwasi Kwarteng, how Starmer found his voice and revived Labour, and what the future holds for the UK economy...",29/09/2022,Labour Party
187,5Ah0r0bqiF7j2lHZRcndc3,"Prison reform, lobbying, and Alastair on Strictly Should MPs be drug tested? Does the UK have a corruption problem? How could we radically reform prisons? Alastair and Rory join each other in person this week to answer these questions and many more. Plus, they discuss if they;ve ever been offered to participate in a reality show, and if they would ever consider doing Strictly Come Dancing...",29/09/2022,
188,4jIb9TzKk3ITzo8UwieVEi,"The Kamikwaze budget, Iranian protests, and Italian 'post-fascists' It been a quiet week in UK politics...",28/09/2022,
189,0iXBJAqkmKiXJUHYVVLWkW,"Albanian PM Edi Rama on Putin, Macron, and combating corruption Alastair and Rory are joined by Edi Rama, the Prime Minister of Albania, to talk Putin, Merkel, Macron, the European Union, small boats, cyber attacks from Iran, and much, much more. Tune in to hear how the ;third way; inspired Edi journey from life as an artist in Paris to a three-time election-winning prime minister.",23/09/2022,
190,2U6ibxw7rYOIrSLb6OHYdt,"Blair-Brown, the Special Relationship, and official apologies Who would you cast to play yourself in a film? Rory and Alastair give their answers to this question and many more in today Question Time episode. Plus the rarity of political apologies, friendship (and animosity) between ex Prime Ministers, and the UK pecial relationship; with the US.",22/09/2022,
191,4Mhy3VgrabW47kevogU5dx,"The Queen funeral, United Nations, and fracking  and Rory as they discuss Queen Elizabeth II funeral, Liz Truss; visit to the UN, the pros and cons of fracking and the drastic fall in value of the British Pound. Plus Biden growing popularity, international diplomacy, and the role of foreign correspondents.",21/09/2022,United Nations
192,69G3m3tpjAs6xxe6JnMRy8,"Mark Drakeford on Labour success, Tory PMs, and Welsh nationalism Alastair and Rory are joined by Mark Drakeford, First Minister of Wales and Leader of Welsh Labour, to talk Boris Johnson, devolution, Welsh nationalism, Scotland, the secret of Labour century of success in Wales, Covid, Brexit, Latin and more.",16/09/2022,Labour Party
193,6kA3A8OdVFUWB5tAxvtQXq,"King Charles III, Scottish accents, and left vs. right What the true definition of right-wing and left-wing? Alastair and Rory debate what defines the two sides of the political spectrum, who their favourite comedians are, and why neither of them have a Scottish accent.",15/09/2022,
194,19j7bWknoJorpejBJAnVYd,"Queen Elizabeth II, Ukrainian counter-attacks, and Sweden  and Rory as they discuss Queen Elizabeth II, the Ukrainian counter-offensive, Rory trip to Kenya, the far right in Sweden, and the Shanghai Co-Operation Organisation.",14/09/2022,
195,34Fzn9cKurWsBB8qOCr7tH,"Parents, Austerity, and talking with hands What more annoying, a stupid person pretending to be clever or a clever person pretending to be stupid? On an unrelated note Rory and Alastair give more reaction to Liz Truss taking over from Boris Johnson, and give an insight into their family backgrounds.",08/09/2022,
196,3g62U7VoszSVecCPw1kiUu,"Liz Truss, lido politics, and Chile How will Liz Truss operate in Number 10? Why is The Rest Is Politics banned on FCDO official phones? And what going on in Chile?",07/09/2022,
197,06mmgQg0EuQlEnqxRWekYo,"PRIME MINISTER LIZ TRUSS In an emergency podcast, Rory and Alastair react to the news that Liz Truss has won the race to become the UK next prime minister.",05/09/2022,ERG
198,5Dc04WPs4lSb6L6P1jFvfY,"BBC impartiality, books vs. newspapers, and Stewart spoofery What shared regret do Rory and Alastair have about their time at university? Plus local journalism, bikes, John le Carré, musical instruments, rhetoric, and Rory defence of Eton.",01/09/2022,BBC
199,5Dc04WPs4lSb6L6P1jFvfY,"BBC impartiality, books vs. newspapers, and Stewart spoofery What shared regret do Rory and Alastair have about their time at university? Plus local journalism, bikes, John le Carré, musical instruments, rhetoric, and Rory defence of Eton.",01/09/2022,Eton
200,2EtsoHjkaRGm1eYUpuaOXY,"Freezing bills, mental health in politics, and Rory new job Are windfall taxes and freezing energy bills the best ways to deal with the cost of living crisis?",31/08/2022,ERG
201,4pEmUqUeREROfCirDne85z,"Margaret Thatcher, Rupert Murdoch, and Mick Lynch At what points in their political careers did Rory and Alastair feel under the most pressure? Plus the wonders of sleep, Murdoch subtle influence, and protest marches.",25/08/2022,
202,1rwjaEVL1Xho7mlQnBM2wn,"Working for Truss, Blackpool with Clinton, and Sewage Why is raw sewage being pumped into UK rivers? How easy is it to stand up to Liz Truss when she your boss? And which former US president walked for 2 miles with Alastair in search of a McDonald?",24/08/2022,
203,2BoUFjgdq5W0k8afoLfkZt,"Classified documents, Eddie Jones, and A-levels Just how easy is it to waltz out of office with classified government documents? In the latest episode of TRIP QT, Alastair and Rory take your questions on Trump FBI raid, Gordon Brown and Gillian Duffy, scuffles, Eddie Jones, A-levels, and more.",18/08/2022,
204,2tec7MOpsKODZ1QNW1ReMu,"Salman Rushdie, the energy price cap, and Afghanistan  and Rory as they discuss the one year anniversary of Afghanistan falling to the Taliban, the French withdrawal from Mali, the Wagner Group, how Gordon Brown lets his hair down, the Kenyan election, the cost of living, Keir Starmer holiday, the energy price cap, Salman Rushdie, freedom of speech, and more.",17/08/2022,ERG
205,2tec7MOpsKODZ1QNW1ReMu,"Salman Rushdie, the energy price cap, and Afghanistan  and Rory as they discuss the one year anniversary of Afghanistan falling to the Taliban, the French withdrawal from Mali, the Wagner Group, how Gordon Brown lets his hair down, the Kenyan election, the cost of living, Keir Starmer holiday, the energy price cap, Salman Rushdie, freedom of speech, and more.",17/08/2022,Taliban
206,2tec7MOpsKODZ1QNW1ReMu,"Salman Rushdie, the energy price cap, and Afghanistan  and Rory as they discuss the one year anniversary of Afghanistan falling to the Taliban, the French withdrawal from Mali, the Wagner Group, how Gordon Brown lets his hair down, the Kenyan election, the cost of living, Keir Starmer holiday, the energy price cap, Salman Rushdie, freedom of speech, and more.",17/08/2022,Wagner Group
207,1prJ8uOjNdwUZZNmLwEEhw,"Clan Campbell vs. Clan Stewart, Tartan Trews, and Lindsay Hoyle  and Rory for the latest episode of TRIP: Question Time, where they answer your questions on the historical Scottish clashes between Clan Stewart and Clan Campbell, Rory tartan trousers, the performance of Lindsay Hoyle as Speaker, and labour shortages in the UK.",11/08/2022,Labour Party
208,0IDXpwvmoVIRezsGdjMH7G,"Amnesty International, cabinet duels, and fuel poverty  and Rory as they discuss lame ducks, Amnesty International Ukraine report, politicians’ holidays, energy prices, fuel poverty, George Canning, Nancy Pelosi in Taiwan, the wildfires and US Climate Bill, Boris Johnson dancing, and The Rest Is Politics bingo.",10/08/2022,ERG
209,0IDXpwvmoVIRezsGdjMH7G,"Amnesty International, cabinet duels, and fuel poverty  and Rory as they discuss lame ducks, Amnesty International Ukraine report, politicians’ holidays, energy prices, fuel poverty, George Canning, Nancy Pelosi in Taiwan, the wildfires and US Climate Bill, Boris Johnson dancing, and The Rest Is Politics bingo.",10/08/2022,Amnesty International
210,2VyprZnjD93ZNyi7M89R3x,"Scottish Unionism, growth, and cannibalism  and Rory for the latest episode of TRIP: Question Time, where they answer your questions on Bhutan Gross Domestic Happiness, Scottish Unionism, political biographies, cannibalism, and more.",04/08/2022,
211,3PWJZKEaVCrM4y8fEPYB13,"William Hague on Boris Johnson, Blair, and Brexit In a special episode of The Rest Is Politics, Alastair and Rory are joined by former Foreign Secretary and former Leader of the Conservative Party, William Hague.",03/08/2022,Conservative Party
212,0daghZtXKrQYBpxErr2itd,"Al-Qaeda, Pelosi in Taiwan, and working for Truss  Campbell and Rory Stewart as they discuss al-Qaeda, Kosovo, Kenya, Tunisia, the ;age of impunity;, Nancy Pelosi Taiwan visit, working for Truss and Sunak, terrorism, and resignation honours.",02/08/2022,Al-Qaeda
213,0Bd30Npexm8P2YDaaxn9m0,"The last days of Blair and May, carbon footprints, and remaining hopeful May downfall, Blair-Brown, Celtic vs. Rangers in Belfast, remaining hopeful, charter cities, climate change, carbon emissions, and wildfires.",28/07/2022,
214,3nd8spqRFCB2p9s0m91NlS,"Blue on blue, famine in Africa, and David Trimble  Campbell and Rory Stewart as they discuss the Tory leadership race, the life and legacy of David Trimble, Mario Draghi resignation, charter cities, famine in Africa, populism, and Marilyn Monroe poetry.",27/07/2022,
215,4ReiHvvXhYFH0U66OBnCYi,"Treating addiction, feminism, and a fear of ketchup  and Alastair for the latest episode of ;The Rest Is Politics: Question Time;, where they discuss removing the stigma around addiction, feminism, Eton, Alastair fear of ketchup, political cliches, Rory worst interview gaff, whether the SNP has a mandate for another independence referendum, and how Iran and Afghanistan have changed since Rory walk.",22/07/2022,SNP
216,4ReiHvvXhYFH0U66OBnCYi,"Treating addiction, feminism, and a fear of ketchup  and Alastair for the latest episode of ;The Rest Is Politics: Question Time;, where they discuss removing the stigma around addiction, feminism, Eton, Alastair fear of ketchup, political cliches, Rory worst interview gaff, whether the SNP has a mandate for another independence referendum, and how Iran and Afghanistan have changed since Rory walk.",22/07/2022,Eton
217,1yJbNz2PpkXpEgWNkaP0Ey,Rishi Sunak vs. Liz Truss And then there were two...,21/07/2022,
218,7DCsB565C7eh5LRsJBJPNC,"Keir Starmer on rebuilding Labour, Tory leadership, and Brexit In a special episode recorded in Westminster as temperatures approached 40C in London, Rory and Alastair are joined by the Leader of the Opposition and Leader of the Labour Party, Sir Keir Starmer.",20/07/2022,Labour Party
219,1lk1KIbcuP7OHYMuEI98xx,"Heatwaves, semiconductors, and Johnson return? It the hottest day of the year so far, but Rory and Alastair are still managing to disagree fairly agreeably!",19/07/2022,
220,32PBpE87D3HmwifDmLPzaJ,"Shinzo Abe, Sri Lanka, and 'Big Society'  and Alastair for the seventh episode of ;The Rest Is Politics: Question Time;, where they discuss the assassination and legacy of Shinzo Abe, the situation in Sri Lanka, Tory leadership, marriage, Rory wedding ring, the Met, and more.",14/07/2022,
221,2bj8P2Fw4HdPKJ7MVO6ZsD,Tory leadership race: contenders and pretenders Rishi Sunak. Liz Truss. Penny Mordaunt. Tom Tugendhat. And about fifty others.,12/07/2022,
222,2gRgSvr2kDKPEzuRH8H7v1,BORIS JOHNSON RESIGNS Boris Johnson has resigned.,07/07/2022,
223,2x9WkSXSAPSwyuJNFV7ER1,"British scandals, global recession, and Elvis  and Alastair as they discuss British scandals, moments of madness, civil service interventions, Starmer on Brexit, technocracy, global economic recession, tech bubbles, China and Taiwan, Xi Jinping, Britain dwindling military, Lebedev, Elvis, Jimmy Carter and a tribute to Peter Brook.",07/07/2022,
224,2N0Ug6BMTUpLyRuNab2DEg,SPECIAL: SUNAK AND JAVID RESIGN Alastair Campbell and Rory Stewart respond to the breaking news that Chancellor Rishi Sunak and Health Secretary Sajid Javid have both resigned from the Government. How long can Boris Johnson survive as Prime Minister after two of his heavyweight ministers resign a few minutes apart?,05/07/2022,
225,3iaFZI6YBa0IuDPVsIuSjI,"Roe v. Wade, military MPs, and Ismail Kadare Roe v. Wade, the impact of military service on sitting MPs, Britain global reputation, Labour stance on strike action, progressive alliances, John Smith, Alexander the Great, and the novels of Ismail Kadare.",30/06/2022,Labour Party
226,0LMgWbd4AnQc8O6ky1JHuS,"Tony Blair on the UK relegation battle Tony Blair joins Rory Stewart and Alastair Campbell to discuss his fears that Britain may soon be relegated from the Premiership of nations. Also discussed, his views on the future of the NHS, technology and how Labour can recover from the Corbyn years. Plus Ukraine, Russia, China, Scotland, and how to handle Alastair Campbell.",29/06/2022,Labour Party
227,0LMgWbd4AnQc8O6ky1JHuS,"Tony Blair on the UK relegation battle Tony Blair joins Rory Stewart and Alastair Campbell to discuss his fears that Britain may soon be relegated from the Premiership of nations. Also discussed, his views on the future of the NHS, technology and how Labour can recover from the Corbyn years. Plus Ukraine, Russia, China, Scotland, and how to handle Alastair Campbell.",29/06/2022,NHS
228,6bQYRUR7YQr5rNOkXaTEsk,"The Queen toilet, Carole Cadwalladr, and climate crisis Find out which historical world leaders Rory and Alastair would be like to work alongside, what they would say if they had the world attention for 30 seconds, their thoughts on the ;Tory power stance; and body language coaching in politics.",23/06/2022,
229,5IJY9BMt1bqZ88wzGTaZPc,"By-elections, strikes, and populists  and Alastair as they discuss by-elections, how Alastair would run as a Tory, strikes, trade unions, Colombia, France, Henry Kissinger, Carrie Johnson ghost story, Rory visit to a kibbutz, Welsh Labour, ethics advisors and unrequited love!",22/06/2022,Labour Party
230,1KDRT8hBKQK895XjR9eJYK,"Ukraine, Tony Blair, and foreign languages  Campbell and Rory Stewart for the third edition of ;The Rest is Politics: Question Time;, where they answer your questions on the situation in Ukraine, the role of former world leaders in politics, and their multilingual capabilities.",16/06/2022,
231,145pBptSMnHkhfiDHPkor8,"Keir Starmer, Northern Ireland, and disagreeing 'agreeably'  and Alastair as they discuss the performance and future of Keir Starmer, what they both think of Wes Streeting, Rory appearance on BBC Question Time, austerity, what Labour needs to do to win, train strikes, Tony Blair, Northern Ireland, the ERG, Liz Truss, and disagreeing ;agreeably;.",15/06/2022,Labour Party
232,145pBptSMnHkhfiDHPkor8,"Keir Starmer, Northern Ireland, and disagreeing 'agreeably'  and Alastair as they discuss the performance and future of Keir Starmer, what they both think of Wes Streeting, Rory appearance on BBC Question Time, austerity, what Labour needs to do to win, train strikes, Tony Blair, Northern Ireland, the ERG, Liz Truss, and disagreeing ;agreeably;.",15/06/2022,ERG
233,145pBptSMnHkhfiDHPkor8,"Keir Starmer, Northern Ireland, and disagreeing 'agreeably'  and Alastair as they discuss the performance and future of Keir Starmer, what they both think of Wes Streeting, Rory appearance on BBC Question Time, austerity, what Labour needs to do to win, train strikes, Tony Blair, Northern Ireland, the ERG, Liz Truss, and disagreeing ;agreeably;.",15/06/2022,BBC
234,1UsZboqdfX9VgqyL7sR7aN,"Austerity, diaries, and impostors  and Alastair as they answer your questions on Austerity, John Bercow, protest, schools, carbon footprints, imposter syndrome, cheese, interview techniques, political diaries, and the Duc de Saint-Simon.",09/06/2022,
235,5GCia50jsSCu3WidX0kslN,"Johnson, monarchy, and the West Bank Instagram:&#64;restispolitics",08/06/2022,
236,7Mrq8NtQrxQCccS31nfUWA,"Hong Kong handover, human rights, and Tintin Welcome to the first ever episode of ;TRIP: Question Time;!",02/06/2022,
237,6zoveYl18gF7Y1RHttvYX0,"Charisma, Portugal, and gun control Rory going viral, Alastair trip to Portugal, Labour Brexit position, Olaf Scholz, the UEFA Champions League Final, the 1922 Committee, charisma, Nelson Mandela, teaching politics in school, US gun control, and ABBA. Tune in to today pod to hear all this and more!",01/06/2022,Labour Party
238,1bp0zjpaaUJVJ9Mkh6Fmcj,"Rupert Murdoch, Taiwan, and Burnley Partygate photos, Teals in Australia, why Rory ran as an independent in London, Anthony Albanese, Mhairi Black, Bill Cash, Rupert Murdoch, China, Taiwan, PR, and Nigel Farage. This week pod has got it all.",25/05/2022,
239,6nyE5FialqFDfUpEkb7dYF,"Food shortages, Francois Hollande, and Shireen Abu Akleh Shireen Abu Akleh, Alastair catch-up with Francois Hollande, Rory reflection on the Tory leadership debates, Northern Ireland, Nick Clegg, Sri Lanka, Lebanon, global food shortages, power-sharing, and press coverage.",18/05/2022,
240,7azv1AvLa0dBbkc8LwVUFZ,"Putin blanket, election fallout, and China in Africa Beergate, local elections, Tower Hamlets, Northern Ireland, Putin, Chinese foreign policy, Oxbridge, and porridge talk.",11/05/2022,ERG
241,2ebut3WYNREpvSa1h7mz1q,"Bad politics, local elections, and toxic debates Rory Stewart and Alastair Campbell work out a plan for improving the quality of debate in Westminster. They also wonder what it would take for the electorate to dump Boris Johnson from power. Plus how to make the perfect porridge.",04/05/2022,
242,7qoj4CBk3VKmbCxli1it50,"Biggest snakes, Basic Instinct, and meeting Miley Defeating populism, the way to win a leadership contest, and Boris Johnson meeting Miley Cyrus.",27/04/2022,
243,5GtbKz9pTK7iNKpZo3Glsm,"Rwanda, Religion and the Return of Trump  and Rory for this week pod, where they discuss Patel plans to send refugees to Rwanda from Britain, the role of religion in politics, and the mysterious ideologue that some believe is the brains behind Putin. There are also plenty of listener questions, which range from Trump possible return in 2024 to whether political parties should be solely state-funded.",20/04/2022,
244,0yDK2kkK08TrfJYm2eOVlr,"Partygate fines, political partners, and voting at 15? In today pod Alastair and Rory discuss the police fines that Johnson and Sunak have received for their roles in Partygate, the current political situation in both France and Pakistan, and the role of spouses in politics. After the break they also drill down into what Alastair and Rory vehemently disagree on politically.",13/04/2022,
245,6WvjjxsLCvY0MTtVUptX5r,"Globalism, Scottish Nationalism, and Rory new job Could this be the final ever episode of The Rest Is Politics after Rory revelation last Friday, 1st April? Hopefully not! After more terrible news from Ukraine and some countries refusing to shun Russia, could this crisis herald the end of a globalism? Also, reaction to populist leaders Orban and Le Pen gaining support in Europe, the ethics of working with questionable regimes, and what first attracted Rory Stewart to the Conservative Party?",06/04/2022,Conservative Party
246,3YJSZbnrqEroGWYn9EobgK,"Tribal politics, anonymous sources, and Malcolm Tucker Do the Royal family and the Commonwealth still have a place in the modern world? Alastair and Rory discuss Rwanda and countries recovering from war, whether Joe Biden is an effective communicator, how the relationship between the media and politicians really works, and why certain people find it hard to criticise their own party.",30/03/2022,
247,4iwzYZCgcAkbVjeE25Eadi,"Iraq, brave opposition, and powerful Chancellors As Rory returns from a tour of Iraq with a landmine charity, what lessons can be learned from the country since the occupation, and how could they be applied to the current situation in Ukraine? Also, is Belarus getting off too lightly in terms of sanctions, can Britain become ;food independent; again, and what is the power dynamic between Prime Ministers and Chancellors of the Exchequer?",23/03/2022,
248,1TLOJvTywSnt0SOJqskxNr,"Zelenskyy humanity, Lebvedev parties, and Eton Who is winning the communications landscape in Ukraine? Alastair and Rory discuss the importance of soft power, the sacrifices needed to free European dependency on Russian oil, the most intimidating politicians, and whether private schools like Eton have a healthy impact on British society.",16/03/2022,Eton
249,6QriXjISoj3yzbHUPneF62,"Lying, vanity and friendship in politics Welcome to the second episode of The Rest Is Politics with Rory Stewart and Alastair Campbell!",09/03/2022,
250,70PRmBVXnLj3jh8RWFdpQu,"Putin in person, Russian money in British politics, and Bono vs Blair What Vladimir Putin like to deal with in person? On the first episode of &#34;The Rest Is Politics&#34;, Alastair Campbell and Rory Stewart tackle the latest developments in Ukraine, give their insight into the most effective next steps for NATO, explain how Russian money has affected British politics, and discuss celebrity activism.",02/03/2022,NATO
